{
  "model/models-dbg.js": 1747299699515,
  "controller/SeriesView.controller.js": 1747299774955,
  "model/models.js": 1747299699515,
  "controller/App.controller.js": 1747299699519,
  "manifest.json": 1747299699511,
  "Component.js": 1747299699511,
  "controller/SeriesView-dbg.controller.js": 1747299774955,
  "controller/SeriesView.controller.js.map": 1747301407707,
  "i18n/i18n.properties": 1747299699515,
  "model/models.js.map": 1747301407704,
  "controller/App-dbg.controller.js": 1747299699519,
  "controller/App.controller.js.map": 1747301407704,
  "Component-dbg.js": 1747299699511,
  "Component.js.map": 1747301407704,
  "Component-preload.js": 1747301407769,
  "Component-preload.js.map": 1747301407769,
  "view/SeriesView.view.xml": 1747299745863,
  "view/App.view.xml": 1747299699519,
  "css/style.css": 1747299699519,
  "index.html": 1747299699511
}